{
  "num_samples": 14,
  "ranges": {
    "hsv_lower": [
      4,
      90,
      113
    ],
    "hsv_upper": [
      14,
      131,
      213
    ],
    "ycrcb_lower": [
      81,
      147,
      101
    ],
    "ycrcb_upper": [
      168,
      163,
      116
    ]
  },
  "samples": [
    {
      "rgb": [
        176.1886111111111,
        115.12611111111111,
        90.55388888888889
      ],
      "hsv": {
        "mean": [
          8.666666666666666,
          124.30055555555556,
          176.1886111111111
        ],
        "std": [
          1.5774451918635044,
          14.300415678582482,
          19.636607912091375
        ]
      },
      "ycrcb": {
        "mean": [
          130.57777777777778,
          160.59777777777776,
          105.40416666666667
        ],
        "std": [
          16.432270268372488,
          5.216362670115263,
          3.26721668413817
        ]
      }
    },
    {
      "rgb": [
        175.7722222222222,
        115.49888888888889,
        91.93527777777778
      ],
      "hsv": {
        "mean": [
          8.618611111111111,
          121.64138888888888,
          175.7722222222222
        ],
        "std": [
          1.549135337280082,
          12.957580718289508,
          19.15926829835615
        ]
      },
      "ycrcb": {
        "mean": [
          130.82805555555555,
          160.1027777777778,
          106.03472222222223
        ],
        "std": [
          14.404383653643714,
          6.065246450571662,
          2.537642153775272
        ]
      }
    },
    {
      "rgb": [
        168.95055555555555,
        115.47055555555555,
        91.42611111111111
      ],
      "hsv": {
        "mean": [
          9.264444444444445,
          117.01305555555555,
          168.95055555555555
        ],
        "std": [
          1.859229895001999,
          15.132345657829239,
          17.99789493006284
        ]
      },
      "ycrcb": {
        "mean": [
          128.72694444444446,
          156.775,
          106.97027777777778
        ],
        "std": [
          15.390496584191961,
          4.841824438049089,
          4.087100973463234
        ]
      }
    },
    {
      "rgb": [
        177.6313888888889,
        119.735,
        95.49111111111111
      ],
      "hsv": {
        "mean": [
          8.775,
          118.66027777777778,
          177.6313888888889
        ],
        "std": [
          1.8724427005029203,
          13.314565121222882,
          19.825081287878465
        ]
      },
      "ycrcb": {
        "mean": [
          134.2602777777778,
          158.9711111111111,
          106.14
        ],
        "std": [
          18.481470598369476,
          3.429001942400705,
          3.5031509625859716
        ]
      }
    },
    {
      "rgb": [
        174.93666666666667,
        117.5775,
        95.69111111111111
      ],
      "hsv": {
        "mean": [
          8.401944444444444,
          115.69027777777778,
          174.93666666666667
        ],
        "std": [
          1.6582610025171494,
          15.232418460148144,
          18.724787196535914
        ]
      },
      "ycrcb": {
        "mean": [
          132.23277777777778,
          158.535,
          107.39305555555555
        ],
        "std": [
          15.78584925584926,
          5.651685835021155,
          3.1167480554831584
        ]
      }
    },
    {
      "rgb": [
        169.3322222222222,
        123.90944444444445,
        98.73916666666666
      ],
      "hsv": {
        "mean": [
          10.711944444444445,
          106.19972222222222,
          169.3322222222222
        ],
        "std": [
          1.0934510085160243,
          8.285653593917399,
          13.986150513019652
        ]
      },
      "ycrcb": {
        "mean": [
          134.60611111111112,
          152.87527777777777,
          107.78472222222223
        ],
        "std": [
          11.128610095349758,
          3.084684376174848,
          2.4791441019825853
        ]
      }
    },
    {
      "rgb": [
        127.76972222222223,
        88.8275,
        71.75694444444444
      ],
      "hsv": {
        "mean": [
          14.52111111111111,
          104.58305555555556,
          128.0286111111111
        ],
        "std": [
          15.842597250902834,
          31.109328568725466,
          50.258117235636526
        ]
      },
      "ycrcb": {
        "mean": [
          98.49083333333333,
          148.92222222222222,
          112.925
        ],
        "std": [
          34.958053028276325,
          12.084266886031575,
          6.627085625589022
        ]
      }
    },
    {
      "rgb": [
        152.7786111111111,
        101.86916666666667,
        81.35055555555556
      ],
      "hsv": {
        "mean": [
          9.178611111111111,
          118.6225,
          152.7786111111111
        ],
        "std": [
          2.8316736833126193,
          11.51269803183522,
          27.363512572277877
        ]
      },
      "ycrcb": {
        "mean": [
          114.75194444444445,
          155.17333333333335,
          109.2213888888889
        ],
        "std": [
          16.960849415220984,
          8.897562712463522,
          2.6800991407634416
        ]
      }
    },
    {
      "rgb": [
        166.51361111111112,
        120.60777777777778,
        97.01361111111112
      ],
      "hsv": {
        "mean": [
          10.828333333333333,
          104.34861111111111,
          166.51361111111112
        ],
        "std": [
          2.375564845112237,
          11.737990234177847,
          40.26479484148096
        ]
      },
      "ycrcb": {
        "mean": [
          131.6263888888889,
          152.91972222222222,
          108.45111111111112
        ],
        "std": [
          27.953495572784004,
          9.380265924361058,
          5.033151088189459
        ]
      }
    },
    {
      "rgb": [
        174.11638888888888,
        127.07222222222222,
        104.81611111111111
      ],
      "hsv": {
        "mean": [
          11.75388888888889,
          98.07222222222222,
          174.21277777777777
        ],
        "std": [
          6.441444488526151,
          29.240265342228422,
          30.70839105477261
        ]
      },
      "ycrcb": {
        "mean": [
          138.56722222222223,
          153.39194444444445,
          108.93166666666667
        ],
        "std": [
          18.021266235434506,
          11.841710255478,
          6.131503123668499
        ]
      }
    },
    {
      "rgb": [
        127.31555555555556,
        80.9036111111111,
        70.96666666666667
      ],
      "hsv": {
        "mean": [
          9.899444444444445,
          109.6211111111111,
          127.5925
        ],
        "std": [
          15.849987722470237,
          23.132704095402143,
          40.14472152067088
        ]
      },
      "ycrcb": {
        "mean": [
          93.63666666666667,
          152.08083333333335,
          115.15583333333333
        ],
        "std": [
          28.946131769969654,
          9.391359467025381,
          4.411146786519533
        ]
      }
    },
    {
      "rgb": [
        143.9088888888889,
        92.0286111111111,
        80.33638888888889
      ],
      "hsv": {
        "mean": [
          6.84,
          111.605,
          143.9561111111111
        ],
        "std": [
          9.966079135413526,
          17.06967999114209,
          28.28298008793142
        ]
      },
      "ycrcb": {
        "mean": [
          106.18583333333333,
          154.9575,
          113.37416666666667
        ],
        "std": [
          21.712814172869347,
          5.940971149100483,
          3.247947963287399
        ]
      }
    },
    {
      "rgb": [
        152.30194444444444,
        100.70555555555555,
        86.53777777777778
      ],
      "hsv": {
        "mean": [
          6.4425,
          110.29194444444444,
          152.30194444444444
        ],